ids,name,subscriberCount,viewCount,videoCount,description,creation,country,thumbnail,idPlaylist
UCJ6g6we28VrSh1ePNf-Eacg,Tenshi,4480,57204,23,"Enchant√©e de te rencontr√©e ~
Je suis un ange d√©chu qui vis bien loin de la ""terre"" ou vous vivez, chez moi c'est tout petit, on en a vite fait le tour. J'ai appris √† contr√¥ler une sorte de miroir et depuis j'ai d√©couvert une multitude de chose sur votre univers !  Et c'est ainsi que ma chaine est n√© !

üôö‚òæ.‚Ä¢*‚Øå‚òΩüôß‚úù üô•‚òæ‚Øå*‚Ä¢.‚òΩüôò

Je ferais principalement tout ce qui touche au dessin : tuto / live dessin / animation etc 

üôö‚òæ.‚Ä¢*‚Øå‚òΩüôß‚úù üô•‚òæ‚Øå*‚Ä¢.‚òΩüôò

Les tags pour partager mes aventures avec d'autre personnes et faire de nouvelle rencontre : 

Fanart : #hecateillu
Gif / meme / amusement : #hecatefun

Merci √† @Kumori Kaiga RzL mLNi pour ma photo profil et ma page d'attente de live

üôö‚òæ.‚Ä¢*‚Øå‚òΩüôß‚úù üô•‚òæ‚Øå*‚Ä¢.‚òΩüôò

Merci d'avoir lu ~

#vutuber #vtuberFR
",2014-02-20,FR,https://yt3.ggpht.com/ytc/AKedOLSuiKWoyQ2SxbqLbgpUagrqHH5tZ7yWkKD8dJ2xyw=s88-c-k-c0x00ffffff-no-rj,UUJ6g6we28VrSh1ePNf-Eacg
UCuufdfoZQAcfbpBSBDkEZ6g,Akito,349,62357,676,"üê∞ Ohayo les amis, C'est Akito, je vous souhaite la bienvenue dans mon monde! üê∞

üê∞ Sur ma cha√Æne je vous partage mes aventures, dans des mondes incroyable, fantastique & effrayant üéÉ
vous trouverais des Let's Play et Gameplay sur plein de Jeux diff√©rent, donc n‚Äôh√©sitez pas a me suivre dans mes folles aventures, mais je ne grandit pas votre survieüåõ 

Gameplay et let's Play ( aventure suivie ).

vous pouvez me retrouver tous les vendredi samedi soir sur twitch: 
https://www.twitch.tv/akitogun

https://twitter.com/AkitoGun

üê∞üê∞üê∞üê∞üê∞üê∞üê∞üê∞üê∞üê∞üê∞üê∞üê∞üê∞üê∞üê∞üê∞üê∞üê∞üê∞üê∞üê∞üê∞üê∞üê∞üê∞üê∞üê∞üê∞üê∞üê∞üê∞üê∞üê∞üê∞üê∞üê∞üê∞üê∞üê∞üê∞üê∞üê∞üê∞üê∞üê∞üê∞üê∞üê∞üê∞üê∞üê∞üê∞üê∞üê∞üê∞üê∞üê∞üê∞üê∞üê∞üê∞üê∞üê∞üê∞üê∞üê∞üê∞üê∞üê∞üê∞üê∞üê∞üê∞üê∞üê∞üê∞

https://www.youtube.com/channel/UCuufdfoZQAcfbpBSBDkEZ6g?sub_confirmation=1",2007-10-22,FR,https://yt3.ggpht.com/ytc/AKedOLRkSL5PBwxzVpyjzUrGbQjVR7uOMZWqH5dJmd-v2Q=s88-c-k-c0x00ffffff-no-rj,UUuufdfoZQAcfbpBSBDkEZ6g
UC6HNqNSgWLWzTz8bP6MixQw,Hiyo,831,60807,143,"„ÄêFR„Äë
Heyo tout le monde, c'est Hiyochan!

Je suis une Vtubeuse, c'est √† dire une Youtubeuse virtuelle!
J'aime d√©couvrir de nouveaux jeux et de nouveaux logiciels.

N'h√©sitez pas √† vous abonner √† ma chaine! 

„ÄêEN„Äë
Heyo everybody, I'm Hiyochan!

I'm a Vtuber, which means i'm a virtual youtuber!
I like to discover news games and new softwares.

Please subscribe to my channel !
",2021-01-25,FR,https://yt3.ggpht.com/ytc/AKedOLSCFdyy_BJrOXtOTM0DrwsOlWszkRJAzHm6kp5n=s88-c-k-c0x00ffffff-no-rj,UU6HNqNSgWLWzTz8bP6MixQw
UCt4tmYm5rZZc0AkEw-L6ESw,Jet,392,42079,45,,2018-01-11,FR,https://yt3.ggpht.com/JEWXTdAmIBuyUuWZLuniASucN_RNVFShQY2VZHkjSCPKlMy15Vhzo_K26gm6gCqWYvrGp7PPEw=s88-c-k-c0x00ffffff-no-rj,UUt4tmYm5rZZc0AkEw-L6ESw
UC4UfxATm4onE119rTrm1wUA,DIA,492,51780,62,"Charging...
",2019-03-06,FR,https://yt3.ggpht.com/jhUJiSfACigoobNDzzwQbtjNiYZ4L1Y03U09YIoA7kHLZzrFsi_1K9CEvyR-yMKeyejaVcVRnQ=s88-c-k-c0x00ffffff-no-rj,UU4UfxATm4onE119rTrm1wUA
UCBgJhLF5VrtqJEJ84vfpAhw,Ryushi,445,14188,29,"Artiste amateur et joueuse de League of Legends, vous pourrez retrouver sur cette chaine principalement du dessin, du LoL, de l'humour et de la bonne poilade :D",2015-05-03,FR,https://yt3.ggpht.com/NFqDeRToIh_7bw18RfzVA-lWAIhTCzAsiApOb4iwH4yScZPtGV1B8-I0PIy--p878brEjvpdUQ=s88-c-k-c0x00ffffff-no-rj,UUBgJhLF5VrtqJEJ84vfpAhw
UCgt7cRxczq_ivGtUfkNhEDQ,Yemetis,172,1158,4,"Hey !
Je suis Yemetis et je suis une vtuber succube hybride.

Je suis illustratrice dans le manga, chara. designer et aussi autrice dans la BD.
Retrouvez moi sur twitch o√π vous pourrez me poser vos questions dessin, et me voir occasionnellement jouer a des jeux chill. 
 
‚ï≠‚îÄ‚îÅ‚îÅ‚îÅ‚îÅ‚îÅ‚îÄ‚ïÆ
  ö SOCIAL LINKS …û
‚ï∞‚îÄ‚îÅ‚îÅ‚îÅ‚îÅ‚îÅ‚îÄ‚ïØ
„ÄéTwitter„Äèhttps://twitter.com/yemetis

„ÄéTwitch„Äèhttps://www.twitch.tv/yemetis

„ÄéOfficial website„Äèhttps://www.yemetis.com/

„ÄéPatreon„Äèhttps://www.patreon.com/yemetis

„ÄéWiki„Äèhttps://vtubers-fr.fandom.com/fr/wiki/Yemetis

",2015-05-02,FR,https://yt3.ggpht.com/neNTBHBAQMhRc_hwrWGSDjzCyqY47ZfEECUgOO7xPAfcs6bqX3XahK8LpIfY9XbvtUdehv9PAg=s88-c-k-c0x00ffffff-no-rj,UUgt7cRxczq_ivGtUfkNhEDQ
UChdGQj9D0E2Ewv1Gp57zb5w,HealerGaming,90,446,3,"Salut √† toutes et √† tous ! Je suis Healer, comme tu as pu le deviner.. Dans cette cha√Æne tu y trouveras principalement des vid√©os gaming mais il y aura aussi de l'art. Et OUI ! Ahah j'esp√®re que mes vid√©os te plairont !",2020-11-14,FR,https://yt3.ggpht.com/ytc/AKedOLS9uPFtPPrWMFvvWuyItLb24uTBRgb_7tIjWwZQ=s88-c-k-c0x00ffffff-no-rj,UUhdGQj9D0E2Ewv1Gp57zb5w
UCmPmGh0vMAoizDfgfSeRKkw,Pawa,811,13227,11,"Nyaho √† tous~
Mon nom est Pawa (¬¥ÔΩ°‚Ä¢ œâ ‚Ä¢ÔΩ°`)
J'adore les jeux videos, le voice acting et le dessin !

J'esp√®re vous retrouver en live sur Twitch pour faire le plein de fun~
",2021-02-14,None,https://yt3.ggpht.com/Q28jHXlXmiA2yWCo5R_B3b83T4ooFdlIhUng0GSA95aAgk3lciTu9xug6vOLyKMmid45oQN6GQ=s88-c-k-c0x00ffffff-no-rj,UUmPmGh0vMAoizDfgfSeRKkw
UC2ocO9PGGUE3mvXSXXzgFzg,Vivali,18,122,2,"Bonjour √† tous !

Je suis Vivali Lombe, mage VtuberFR passionn√© de jeux vid√©os en tout genre (oui comme beaucoup...), je vous propose une cha√Æne multigaming.
Mon but sur YouTube est de vous divertir avec des vid√©os diverses orient√© sur le gaming (dr√¥le, hardcore gaming, astuce, d√©couverte mais aussi communautaire !), le tout orient√© dans un univers magiqueüßô‚Äç.
J'esp√®re faire au mieux pour vous üòÖ

Ah oui ! Je suis aussi Papa de 4 chats ! üòª

Contact pro : vivali.lombe@gmail.com",2020-08-06,FR,https://yt3.ggpht.com/ytc/AKedOLRy0OhmQfZvXbtb3PcZ96FHadYKMLqXtJ7cMkL4=s88-c-k-c0x00ffffff-no-rj,UU2ocO9PGGUE3mvXSXXzgFzg
UC1BOk4FPwe8tAeP0Jh03Swg,Kishi,168,318,9,"Salut √† toutes et √† tous, comment √ßa va ?

Je me nomme Kishi Shoku, ancien membre de la team Chaos Revolution

La cha√Æne principale est d√©di√© au mmorpg Elsword et Blade And Soul pour l'instant

N√©anmoins il ne sera pas impossible de voir un jour des vid√©os sur d'autres jeux ( de type mmo ou manga )

Disons que cette cha√Æne est aussi d√©di√© √† ma passion du gaming ( mouais apr√®s j'y joue tout les 39 du mois donc t'attends pas √† grand chose non plu xd )

Fin bref c'est tout mes ptis d√©mons ador√©s

On se retrouve en vid√©os pour la suite de mes aventures tchuss",2016-02-14,None,https://yt3.ggpht.com/ytc/AKedOLTPldKkdzINSaXqCwl1NOboo2Q-bvD_agqurv1nfA=s88-c-k-c0x00ffffff-no-rj,UU1BOk4FPwe8tAeP0Jh03Swg
UClkHAmIbUFCHqU201HcVELw,Myceliose,14,149,5,,2019-07-26,FR,https://yt3.ggpht.com/ytc/AKedOLSRwYTYhWniMHXgYdDpjErE2QkkZFeMbMTW2vZQ=s88-c-k-c0x00ffffff-no-rj,UUlkHAmIbUFCHqU201HcVELw
UCbFanLNoT89zr9WebQap-gQ,MiyunaTV,1640,21781,18,"Bienvenue sur ma cha√Æne Youtube ! Moi c'est Miyuna, je suis une vtubeuse FR kitsune (renard) waifu 3D. Sur cette cha√Æne tu retrouveras des best-of de mes meilleurs moments de streams, des tutos sur diff√©rents jeux et m√™me des MMD de mon avatar 3D üòÅ
D'ailleurs n'h√©site pas √† venir me voir quand je suis en live √ßa me ferait super plaisir :3",2020-05-12,FR,https://yt3.ggpht.com/ZOcFLb-Pk_QYJULbNInSC-RHVMYF10XQCgTsMDwIL9hPPAeQEYXdOg924dvLhNR3meG-BgfI=s88-c-k-c0x00ffffff-no-rj,UUbFanLNoT89zr9WebQap-gQ
UCTX9BiC68fjhqIgtfGTRxSg,Brams225,92,214,1,"Virtual Streameur Multigaming depuis 2 ans sur Twitch Contact pro: brams225pro@gmail.com 225eme GUEULARD Force et Honneur !
""L'Histoire me sera indulgente, car j'ai l'intention de l'√©crire.""


",2016-08-04,FR,https://yt3.ggpht.com/ytc/AKedOLRe-vssyHThzmYIqGYBZFN1bGs-BqjLLDZk5D1OPg=s88-c-k-c0x00ffffff-no-rj,UUTX9BiC68fjhqIgtfGTRxSg
UClitTXIDdlhx_o1n5cHn1Kw,Atsuki,861,7334,12,"Bonjour sur cette petite cha√Æne vous y retrouverez surement des rediffusions de stream qui sont sur ma cha√Æne Twitch.
Je vous souhaite un bon visionnage c:
",2017-11-25,FR,https://yt3.ggpht.com/dI9hQPPGyMDiL_gdK6oN3hdjD5vv0ss8YclP2xYRVk6no4QQrlpI7ikza1VCM6qQHGqsAh2T2Qk=s88-c-k-c0x00ffffff-no-rj,UUlitTXIDdlhx_o1n5cHn1Kw
UC90a89dqUNi1coAF_8dmdCw,Ayuumiko,194,1677,13,,2021-07-09,None,https://yt3.ggpht.com/UDX0pSws5TDRSXDYSkE7qvw73q7gvhkrOCzzydmhq8pCTUeZxdcY4TFcE4cVtdKor-ZE8Mpq-w=s88-c-k-c0x00ffffff-no-rj,UU90a89dqUNi1coAF_8dmdCw
UCpTGWaf5-NXDSRes2Wba68A,Eli,141,2628,12,,2016-07-24,FR,https://yt3.ggpht.com/ytc/AKedOLSz14vYvtMu1QZJEShLEwlfYhKTEvAhThf8KXns4w=s88-c-k-c0x00ffffff-no-rj,UUpTGWaf5-NXDSRes2Wba68A
UCuw6_cb0jqHie6LWIvFfvCA,Patoune,24,0,0,La cha√Æne de Best of des streams de Patoune,2018-09-20,FR,https://yt3.ggpht.com/ZvDP21-_8P03tohpXRkqD0MWMpCrAY4J38n_RYTLDmh0qv4_RzWQ80tILI7HtXo_z_-Lx0t52Q=s88-c-k-c0x00ffffff-no-rj,UUuw6_cb0jqHie6LWIvFfvCA
UCwtjuA3iXXaHcSlIv5M3tWw,Ina,72,1872,174,"Salut tout le monde ! Je suis Ina, la seule et l'unique ! Originaire d'un autre monde, je me suis engouffr√©e dans une faille entre les univers pour d√©barquer ici et m'amuser avec vous !

Sub-goal :
100 folower = ouverture du serveur discord.
",2020-10-19,FR,https://yt3.ggpht.com/tdBiZAj8H4J11jUDmietk8FNuLHsi0efiTR2zuEeN5-oYutLAy3dwHOBPCJb5XOv3v_pLoqGJw=s88-c-k-c0x00ffffff-no-rj,UUwtjuA3iXXaHcSlIv5M3tWw
UC1vZAbQmLD_A2w9SZMqxZfg,EliseAnko,29,2207,53,"Hi, i'm a french illustrator, i'm not the best but i try ! I want to improve my self and show you what i'm doing. 
You can find me here : https://www.facebook.com/AnkosWorld
and here : http://eliseanko.blogspot.fr/ 

Share and comment if you like ^^ 
Thank you !",2017-06-14,FR,https://yt3.ggpht.com/ytc/AKedOLQ7vNEHkeuBIRWelphcLEzIB08bKkyZM0T9Bm-N=s88-c-k-c0x00ffffff-no-rj,UU1vZAbQmLD_A2w9SZMqxZfg
UCrnLTpmupnjHnK16JWkhRAw,Kimiz,1130,42591,22,,2019-10-19,None,https://yt3.ggpht.com/ytc/AKedOLT1Hp0kk0ElwZX-2ZC7h4MiMHb8pwelJ80sU-3Gow=s88-c-k-c0x00ffffff-no-rj,UUrnLTpmupnjHnK16JWkhRAw
UCQQd2x8UpBVnHCNUH6eGt1g,Neya,76,1235,12,"‚≠ê Salut salut, c'est Neya! ‚≠ê

VTubeuse Fran√ßaise // FRVtuber
",2020-08-06,FR,https://yt3.ggpht.com/ytc/AKedOLSZY4ngZsEWJFgqrQtzHweffuwEQIwE9ckQYgSb6g=s88-c-k-c0x00ffffff-no-rj,UUQQd2x8UpBVnHCNUH6eGt1g
UCAG9QOShh1J1-WgHqkNZGMg,Aisu,133,3014,22,"Bonjour tout le monde !

Je m'appelle Aisu Uchibi et je suis un Vtuber FR mi-humain mi-cafard.
Je propose du contenu en Fran√ßais avec des sous-titres anglais, je me tourne vers des vid√©os sur la 3D.
J'esp√®re que vous appr√©cierai ma chaine et mon contenu que je poste sur un rythme tr√®s chaotique.
X)


Hello everyone,

My name is Aisu Uchibi and a half-human half-cockroach FR Vtuber.
I offer french content with english subtitles, I'm changing my content into 3D videos.
I hope you will apreciate my channel and my content, I post videos in a chaotic way.


model made by kitsune katsumi, go check her, she's amazing !!
Clothes made by Ponoki Chan, go check her, she's also amazing !!
",2019-03-16,FR,https://yt3.ggpht.com/ytc/AKedOLTjpj4PMFyUJ2L8H77i8lKNs7oksT7vRW-7IVhrjA=s88-c-k-c0x00ffffff-no-rj,UUAG9QOShh1J1-WgHqkNZGMg
UCCmMokLReRR_ZCLJ2j0LjBg,Lilloune,22,222,3,üå∏~Annyeong~üå∏‚õ©Ô∏èVtubeuse FR Princesse D√©mone ‚õ©Ô∏èüíñViens rejoindre le Royaume des Fleurs de Cerisier !!!üíñ,2019-03-12,FR,https://yt3.ggpht.com/ytc/AKedOLSSEMJF-qBclnPX0j912L9MBVLxuabAMBGwPU_RWA=s88-c-k-c0x00ffffff-no-rj,UUCmMokLReRR_ZCLJ2j0LjBg
UCBieMgEzPoyIXB9X51Fm6hA,Azekia,55,789,3,"Hellow (¬¥„Éªœâ„Éª)„Å£‚ñÄÃøÃø
Je m'appelle Azekia, et je serai votre petit renard au cours de cette aventure ! J'ai quitt√© ma tani√®re afin d'explorer le monde et vivre des aventures comme vous, les humains !
Passons un bon moment tous ensemble !
",2021-01-24,FR,https://yt3.ggpht.com/ytc/AKedOLQbdIRF6ohTqYfeUxH5VVJ2g2OJQdksxeWkDGX-=s88-c-k-c0x00ffffff-no-rj,UUBieMgEzPoyIXB9X51Fm6hA
UCutIV_H7m3YMLFdXuJnaB_w,Sae,589,10951,2,"üá´üá∑ Bonjour, je m'appelle Sae ! ‚òÖ
Je suis une petite f√©e virtuelle, mais aussi une Vtubeuse sp√©cialis√©e dans le folklore et l'√©cologie ! 
J'adore dessiner, chanter, me rater sur des jeux de rythme et m'occuper de mes vers de terre...
~~
üá¨üáß Hello my name is Sae ! ‚òÖ
I'm a little virtual fairy, but also a vtuber fond of folklore and ecology ! 
I love to draw, sing, being bad at rythme games and look after my composting worms...

~~~~
N'h√©sitez pas √† me rejoindre sur les r√©seaux sociaux !

-- Page Twitter :
https://twitter.com/saevtuber
-- Cha√Æne Twitch :
https://www.twitch.tv/vtubersae
-- Discord communautaire :
https://discord.gg/C93mtcG",2020-08-10,FR,https://yt3.ggpht.com/ytc/AKedOLSel4a0HIiAh0_7NVR3v9J_XwbIQ2_LDmKaeqM3=s88-c-k-c0x00ffffff-no-rj,UUutIV_H7m3YMLFdXuJnaB_w
UCjWNJAgl0ctB5qfjsh2q05w,Deat's,3900,304556,35,I'm a Virtual Youtuber apparently. I make dumb videos.,2018-02-17,None,https://yt3.ggpht.com/ytc/AKedOLRrFZEAaC4sm-R1ohqtL-WcUG8N3DrHgsRYQANw=s88-c-k-c0x00ffffff-no-rj,UUjWNJAgl0ctB5qfjsh2q05w
UCFguLubAi3bD_SBoXvgNLDQ,Negius,110,762,8,"Bienvenue dans mon bar virtuelle
Oni VStreamer/Vtuber de 24 ans qui joue pour le fun
Cette cha√Æne accueille les VOD de mes lives sur Twitch, des vid√©os mont√©s et du dessins.
N'h√©sitez pas √† venir me voir en live.",2019-11-26,FR,https://yt3.ggpht.com/ytc/AKedOLQphpVN3NH6Ap7vKORZN8EeMMGhotE1idyO7EnRpg=s88-c-k-c0x00ffffff-no-rj,UUFguLubAi3bD_SBoXvgNLDQ
UCqCTqBT7Rmd4xAnoEhuCxNA,Entari,49,268,6,"Bonjour, je suis l'Esprit de la For√™t !

Un √™tre ancestrale qui a vu grandir les humains et qui s'entour des petits esprits tel que vous. 

Venez rejoindre ma bande ! Je suis certes un grand esprit, mais j'aime jouer √† tout plein de jeu... 

Le mot d'ordre est la bonne ambiance !",2012-03-09,None,https://yt3.ggpht.com/ytc/AKedOLTiwUlZyk3qg8-AyeGXtG6saL0X8zG87RQp8spT4Q=s88-c-k-c0x00ffffff-no-rj,UUqCTqBT7Rmd4xAnoEhuCxNA
UCJMM2B0NT6vX7TO54RDUE3g,Nano,20,169,15,"Bienvenue sur la chaine  Youtube (VOD) de l'ennui.
Ici on retrouvera surtout des rediffusions de live de l'ennui que l'on peut voir en direct sur ma chaine Twitch (https://www.twitch.tv/nan0w0rld).

Je suis Nano, VTUBER et VSTREAMER.

Bon ennui a vous.",2020-06-25,FR,https://yt3.ggpht.com/0NuP73yyJDLkR0zBW296NUkWc8Xj2AWtwE2ut-iWb3U04aOIzeZYTAvESUKyREeOlB0eVMLL=s88-c-k-c0x00ffffff-no-rj,UUJMM2B0NT6vX7TO54RDUE3g
UCFaP9dJDmqcYmS21DqJgO0A,Nixsper,36,185,17,"French Vtuber, bisous, baguette",2011-07-15,FR,https://yt3.ggpht.com/aotN1xWT2gCaFQY5Xg6fEZpRtIVdGBL-ZbkoWTOSq8Wnwaj_4_RS45OUjDEDookqCo8toqoeAQ=s88-c-k-c0x00ffffff-no-rj,UUFaP9dJDmqcYmS21DqJgO0A
UCf0x6jHVcZV5HXoGA0aVmvQ,Waterlilea,89,0,0,"French (english speaking) Twitch Virtual Streamer. We play a variety of story-driven and indie games, feel free to join us!",2020-07-06,FR,https://yt3.ggpht.com/ytc/AKedOLTFdQn5uR7p029iqEb85ygQz5qqpTEEHzfGV6gB=s88-c-k-c0x00ffffff-no-rj,UUf0x6jHVcZV5HXoGA0aVmvQ
UCCx_P-Qm-KEvgoM-3pTbv_g,Alfragor,631,116128,275,"Yo les gens moi je suis Alfragor nouveaux dans le milieux, je d√©barque de nulle part pour me lanc√© sur Youtube et Twitch parce que.......

J'en est envie, j'aime bien la d√©conne, Pokemon, League Of Legend et les cookies.
Si t'a pas peur de devenir fous chez moi h√©site pas √† me rejoindre, n'est pas peur on s'amuse bien ici",2015-05-18,FR,https://yt3.ggpht.com/O1ksLZFAtJ8EGnXx16dYq_45LfRJI0GDEi3i3RhJ7PFcLgAaBrhJn05g0L7Rz9Mgvuor3H7VnQ=s88-c-k-c0x00ffffff-no-rj,UUCx_P-Qm-KEvgoM-3pTbv_g
UCMDzOuBszEjNub73uHgiVVw,Selph1ne,12500,1362341,444,"Planning de Streaming : https://vtuber-fr.wixsite.com/novel/planning

VTuber FR / EN
Vid√©os traduce in English too !
Compilation humoristique Fran√ßaise sur diverse Jeux (souvent aux graphismes manga et li√©s √† la culture japonaise) !
Que ce soit Ind√©pendant, MMO ou autres, vous trouverez s√ªrement un petit peu de r√©confort ici !",2011-05-04,FR,https://yt3.ggpht.com/ytc/AKedOLTP29VeaAGFXckuY9cvZig5AeGWX-7UH1HU9P0s9Q=s88-c-k-c0x00ffffff-no-rj,UUMDzOuBszEjNub73uHgiVVw
UCigUy6fLCAhCGZEXxV6-BMQ,Riri,2370,12875,62,"NYAWO !!!
Ici Riri, un chat en 2D go√ªt chocolat-vanille !
Je miaule beaucoup et je n'h√©siterai pas √† me moquer de vous awo, bienvenue dans mon antre !!

Je stream sur Twitch √† 18h tout les lundis, mercredis, vendredis et samedis !

Je posterai ici les VOD, des best of et aussi des chansons !!
",2021-05-26,FR,https://yt3.ggpht.com/Xdr2UZo3jCt5BUuoP-akXk2gFfc-b0c5_L028e004cZVTyYe4Y32-COD-g__qFxuMOaT-BRzAg=s88-c-k-c0x00ffffff-no-rj,UUigUy6fLCAhCGZEXxV6-BMQ
UCsEsUf4Y3GqCeWiu9hCgpzg,Ponoki,5870,314546,102,"Hello tout le monde !

Je suis Ponoki, et je suis une Youtubeuse Virtuelle!
Sur cette cha√Æne je vous propose du 50/50 : 50% Contenus divertissants, informatifs, autre... 50% Tutoriels pour Vtubers !
N'h√©sitez pas √† y jeter un coup d'≈ìil ! ",2017-05-08,FR,https://yt3.ggpht.com/31YGrc-7hl6pkCPwwVTZFyeHqD2QYJGuFW9ixPk19KbkL4dTAV6w6gdJmzzyMiCdrVQ3aNbQ=s88-c-k-c0x00ffffff-no-rj,UUsEsUf4Y3GqCeWiu9hCgpzg
UCGL3lQ9j5vUbW1_GdB7BbeA,Namaiki,7,0,0,"A cursed 3-tails kitsune looking for quests across the Humans world !
One day I'm a gamer and vsinger another day

",2021-02-13,FR,https://yt3.ggpht.com/ytc/AKedOLR-6Rc2yrTh1HQ2qwO-u5LgNFQ0_WflRzwswooU=s88-c-k-c0x00ffffff-no-rj,UUGL3lQ9j5vUbW1_GdB7BbeA
UCpYvwVNr9s72Ilere5zrrvw,Aquakwa,200,2944,24,Heeyyy ! Je suis Aquakwa ! Une Vtuber et Vstreamer ! Je fais souvent des lives sur twitch et je dessine beaucoup ! Entendons nous bien !,2012-12-16,FR,https://yt3.ggpht.com/ytc/AKedOLSY-0m4avv_LZ3Ih02mS28x4cBHcP9_0G7W_-95Eg=s88-c-k-c0x00ffffff-no-rj,UUpYvwVNr9s72Ilere5zrrvw
UCEpu7vKgPgby_tI9uvpBrWQ,Lecorbak,146,23171,294,"Salutations, c'est Lecorbak. 

Je suis VTuber FR, et je fais principalement des jeux vid√©o, et des collabs avec d'autres VTubers.
J'aime faire partager les jeux que j'aime avec passion.

Sur ma cha√Æne, vous retrouverez plein de jeux g√©niaux tels que Des jeux retro, Genshin Impact, Honkai Impact, Pok√©mon, Jeux de Rythme, Fire Emblem, Hytale (quand √ßa sortira) et plein d'autres. 

Je fais pas mal de tier lists et de vid√©os d'analyses d√©taill√©es des persos de Genshin Impact pour les int√©ress√©s.
Je chante aussi parfois pour le lol.
Je fais √©galement des lives r√©guli√®rement sur twitch

Abonnez vous et vous pouvez suivre mes actualit√©s sur mon Twitter :
https://twitter.com/lecorbaklevrai

Mon Twitch :
https://www.twitch.tv/lecorbakofficial

N'h√©sitez pas √† partager ma cha√Æne si vous l'aimez bien.
",2019-08-14,FR,https://yt3.ggpht.com/ytc/AKedOLSVOjrJPrLE71vEHH1JJFcH5EyrYAeT2LJGdq1i=s88-c-k-c0x00ffffff-no-rj,UUEpu7vKgPgby_tI9uvpBrWQ
UC81FGZ7z06zKlckFk0ke-YA,Over,351,11045,63,"üîîüåôüåüüîîüåôüåüüîîüåôüåüüîî

Hey !!! Salut touts le monde !
C'est Over ! üòÜ

Si tu aime le gaming humoristique.
Et que les vid√©os de dessins en tout genres te d√©tends.
Alors tu vas te plaire sur ma chaine.

Rejoint-nous dans cette fabuleuses communaut√©.
Tu verra ta vie vas changer radicalement.
Est-ce que j'en fais trop ?ü§î
Oui compl√®tement.üòä

üå†Pour am√©liorer la chaine n‚Äôh√©site pas √† t'abonne, √† commenter et √† laisser un pouce vers le haut, et surtout √† partager.üå†

Petite aide, dans les miniatures :
‚Ä¢Contour Bleu = Gaming.
‚Ä¢Contour Violet = Drawing.

!! Objectif avoir les 1k Abo √† la fin de l'ann√©e !!

üîîüåôüåüüîîüåôüåüüîîüåôüåüüîî",2018-01-10,FR,https://yt3.ggpht.com/qD9RfyaGNhnGFUgjbK9BFhDPPkOnl1MJxlGrOerLFaUoOq0tF7ufX-330vo_i6MHdjSvmhoepQ=s88-c-k-c0x00ffffff-no-rj,UU81FGZ7z06zKlckFk0ke-YA
UCK7Psll7errBSJ2yiSMg2pQ,AngelVayuu,3280,335050,216,"‚Ä¢ Robot Virtuel √† mes heures perdues ‚Ä¢

Je me pr√©sente, je m'appelle Angel, je suis un personnage en trois dimensions. 

J'ai √©t√© cr√©e par Neobot Corp il y a un peu plus de 3 ans, r√©cemment dans la version 10.1.2 de mon logiciel, j'ai chang√© de corps et j'ai une apparence de robot un peu plus r√©aliste... j'esp√®re que je ne suis pas trop bizarre pour toi ?

Bienvenue dans mon monde !",2012-09-12,FR,https://yt3.ggpht.com/MJ0FuWH4pslq_bzLtLjt75EKKobKzdCR4WuMnV-bW0_dsQ57SNKfoKG9JjH6GxLvboHXm3seImU=s88-c-k-c0x00ffffff-no-rj,UUK7Psll7errBSJ2yiSMg2pQ
UCfQmQeKUePMQ_UNrbd_aGNg,Maya,5,46,2,"‚úßÔΩ•Ôæü: *‚úßÔΩ•Ôæü:*  Yumello! *:ÔΩ•Ôæü‚úß*:ÔΩ•Ôæü‚úß (haha pun)

The name's Maya Yumemite, I'm an french and english speaking girl living in France.
I'm a member of The Cryptids, a group of three friends that will do Vtuber stuff together. You can also call me Dream!
Please go follow my friends, Seashell (Oyster) and Corbin (Bird) once they create their own channels!

Seashell's model is done, I still have to and I am still working on my own 3d model with Vroid Studio, once that is done, please watch out for my debut announcement! ‚ô¨ (probably in 2022)

In the mean time, I'll use this channel to post some random content that will not feature my model, such as shitty covers, ASMR? Who knows! ‚òÖ

I'd love to talk with you either in my comments, on Twitter or live on Twitch! ‚úø

‚úßÔΩ•Ôæü: *‚úßÔΩ•Ôæü:* May-bye! *:ÔΩ•Ôæü‚úß*:ÔΩ•Ôæü‚úß
",2021-08-31,None,https://yt3.ggpht.com/IKpyjZsql_GyKzF_U54VPqrerdN2Z7TO9kzIVg2wDezPw84MacpIZk8sigsq0E3w5oqcH7O3Cg=s88-c-k-c0x00ffffff-no-rj,UUfQmQeKUePMQ_UNrbd_aGNg
UCC401AgAp1O6Zfs56KB8pTw,Elkya,504,8734,22,"‚ñ¨‚ñ¨‚ñ¨‚ñ¨‚ñ¨‚ñ¨‚ñ¨‚ñ¨‚ñ¨‚ñ¨‚ñ¨‚ñ¨‚ñ¨‚ñ¨‚ñ¨‚ñ¨‚ñ¨‚ñ¨‚ñ¨‚ñ¨‚ñ¨‚ñ¨‚ñ¨‚ñ¨‚ñ¨‚ñ¨
Je suis Elkya ; un VTuber FR. Ma cha√Æne YouTube est irr√©guli√®re et le divertissement propos√© tr√®s douteux. Mais si vous lisez ceci, c'est que vous avez du temps √† perdre donc : Bienvenue !

Vous me trouverez surtout sur Tiktok et Twitch !
‚ñ¨‚ñ¨‚ñ¨‚ñ¨‚ñ¨‚ñ¨‚ñ¨‚ñ¨‚ñ¨‚ñ¨‚ñ¨‚ñ¨‚ñ¨‚ñ¨‚ñ¨‚ñ¨‚ñ¨‚ñ¨‚ñ¨‚ñ¨‚ñ¨‚ñ¨‚ñ¨‚ñ¨‚ñ¨‚ñ¨
Discord : https://discord.gg/GGb48FZyep
Tiktok : https://www.tiktok.com/@elkya_vtuber
Twitch : https://twitch.tv/elkya_nvl

‚ñ¨‚ñ¨‚ñ¨‚ñ¨‚ñ¨‚ñ¨‚ñ¨‚ñ¨‚ñ¨‚ñ¨‚ñ¨‚ñ¨‚ñ¨‚ñ¨‚ñ¨‚ñ¨‚ñ¨‚ñ¨‚ñ¨‚ñ¨‚ñ¨‚ñ¨‚ñ¨‚ñ¨‚ñ¨‚ñ¨
",2019-04-30,FR,https://yt3.ggpht.com/jSIPx-Q1UPwwG6VkWBXacGX_NrKGSNCjig09zQCbSIOZ_j9i8_qwhTXONvuV7hwgr1417UTP=s88-c-k-c0x00ffffff-no-rj,UUC401AgAp1O6Zfs56KB8pTw
UCb0-2B-hC3Z46RS95cbjbrw,Shiori,64,219,60,Voici les archives de la Biblioth√®que des Nekoshimis de Shiori ! Vous y retrouverez toutes les rediffusions de live !,2013-06-18,BE,https://yt3.ggpht.com/hMnhNrpy7wUXnvda9XKReI9d6z16pAJLcyNz6PM6T2BDfBmx1WFLG9Lbn1iEeKiRohU_1bdh=s88-c-k-c0x00ffffff-no-rj,UUb0-2B-hC3Z46RS95cbjbrw
UCTwUfs5GNUXxEkUq_jbwUbg,Kono29,37,375,21,"Young french artist
Specialized in digital drawing, animation and 2dvmodel
21
any pronouns
Greygender Demisexual taken/fr-en
",2016-08-03,CA,https://yt3.ggpht.com/BBupYB_N5j14v6bHk84aAnXHBXxbF3kpuxtfUe1x4w1tCxE7y8laQiGZ46ku4MYRboGxsQHboQ=s88-c-k-c0x00ffffff-no-rj,UUTwUfs5GNUXxEkUq_jbwUbg
UCULDXDJc9mjUJnr87WzV4qA,Miroki,56,1779,89,"Du gaming et du fun avec un Furry Vtuber.
Chat (parceque ce sont les maitre du monde)
violet (c'est la meilleur couleur du monde !! )
",2012-01-07,FR,https://yt3.ggpht.com/l83ixTNuH1EgOtY9baT1ucMbWVMJkkKTwOWPs1m93kytRUTbta6oeRBN0ITtx1uQnL72fS2xnA=s88-c-k-c0x00ffffff-no-rj,UUULDXDJc9mjUJnr87WzV4qA
UC24G99VSNyxaC0iwQC2bhtw,Sorcier0304,297,224647,65,Mon discord: https://discord.gg/2GhpSRD,2013-07-10,None,https://yt3.ggpht.com/FD7XWqKm0Ehp5vtoaZQV5yLf94iZ3MABPELVQSxbO1RWCDnsOhPpfEeY92K_gnLs9QAzHdY=s88-c-k-c0x00ffffff-no-rj,UU24G99VSNyxaC0iwQC2bhtw
UCUvEd13pUKoNy6ck6GAUvuw,Kazu,12,59,1,Fortnite GAMING,2015-12-23,FR,https://yt3.ggpht.com/BBr1S3h5OtEiyh_xOD9Gf7BU_tegrbyO9jE58xeTimxv2tz_IdizhNBbQrHsvqX7AgquxcbCbg=s88-c-k-c0x00ffffff-no-rj,UUUvEd13pUKoNy6ck6GAUvuw
UCL-LXDE1ESNwFGGWQ6kyHOA,Shinobu,1,4,3,"Hey je suis un jeune Vtuber Fran√ßais, je commence tout juste √† streamer et faire des vid√©os, j'esp√®re vous voir dans le coin et que la chaine vous plaira !",2021-11-01,FR,https://yt3.ggpht.com/VYzSgvy3hpR5RsFZw158bXgNCtsfaoBmIfyHF2Ij-8K3c4OIwrFr9Gl0IVBIC-Feq-aKeuSmkg=s88-c-k-c0x00ffffff-no-rj,UUL-LXDE1ESNwFGGWQ6kyHOA
UC_iYv9c6LDmKC4aJ4F_tOdQ,Chodlax,134,9546,37,"Je suis Chodlax, un Youtuber Virtuel fran√ßais - VTUBER FR.
Divertissement, Fun et bizarreries vous attendent ici.
",2021-05-01,None,https://yt3.ggpht.com/0RruycJX9fljTnDQDx8fXkA8f4Y0gYpYlMzHexYQZRBmXtKPZEX2chZQAqhg8jMtiSA9t8ld7A=s88-c-k-c0x00ffffff-no-rj,UU_iYv9c6LDmKC4aJ4F_tOdQ
UC-T54XFx9vduW4vo4yaArTA,Vega,195,5088,14,"Voyageant √† travers l'espace avec son fid√®le compagnon Amiral elle d√©couvre une √©trange plan√®te dans la Voie Lact√©e. Ici d√©marre la nouvelle aventure du Capitaine Vega en communication avec la Terre! 
Rejoignez l'√©quipage du ST4R5!

",2020-12-20,None,https://yt3.ggpht.com/DU7Con8bstQCwrEoh1q2CUWcWbu6PiJzmyxJrOAqGyyjtRB5D2Kx195E20QSyc_UgShEnJ6BtQ=s88-c-k-c0x00ffffff-no-rj,UU-T54XFx9vduW4vo4yaArTA
UCQu_lOsmiA_JQ-09S9SObog,Astra,7,582,14,,2020-11-24,None,https://yt3.ggpht.com/ytc/AKedOLSNTXGYK-otaRR1SFMSpoEewKSl2dw2veln8gJL=s88-c-k-c0x00ffffff-no-rj,UUQu_lOsmiA_JQ-09S9SObog
UChwOWApmOyERFirHw_ZjiRw,Zydia,170,2852,18,"Little Guinea Pig Vtuber who loves illustration and want to share her hapiness with her community !

Une petite cochon d'inde Vtuber passionn√©e par l'illustration ayant envie de faire partager sa bonne humeur √† la communaut√© !
 ",2015-07-02,FR,https://yt3.ggpht.com/ytc/AKedOLQszyRI56LkhNo5iH1WfXURcwlqIy-E2Nm8h6hHwQ=s88-c-k-c0x00ffffff-no-rj,UUhwOWApmOyERFirHw_ZjiRw
UCg0G09j7-IALp_qEv3ogrKA,Nianpasu,13,164,10,"Vtuber et Vstreamer Okami fran√ßais faisant des let's play et des FPS. Je suis √©galement connu sous le nom de Nianpantsu le roi des culottes ! Je suis principalement actif sur Twitch ou je fais des lives presque tous les jours √† partir de 14h donc n'h√©sites pas √† passer nous voir on s'amuse beaucoup !
Cette cha√Æne Youtube sera constitu√©e principalement de VOD de streams mais √©galement de contenu exclusif.
",2021-06-29,FR,https://yt3.ggpht.com/pkFkuZwJWCtM10I4nGdNJ1qcpZLkFI6hdr44XyvyISJ3iYMLFKKqCeC-cbkRXa6gHlCrXZnxcKg=s88-c-k-c0x00ffffff-no-rj,UUg0G09j7-IALp_qEv3ogrKA
UC_nl4ZkYbb9ctqW87nNfeiA,Cyrilmant,2,65,4,"Salut ! Je suis un VTuber Manchots g√©ant qui voudrait devenir Fondeur d'art (cr√©ation de bijoux). 
Cette chaine va servir √† mettre certaines VOD de mes live sur mon twitch :
https://www.twitch.tv/cyrilmant",2020-09-06,FR,https://yt3.ggpht.com/ytc/AKedOLTUMwGjbcHsYJ613eWEfZAdzvl024QBXpdaKK8p=s88-c-k-c0x00ffffff-no-rj,UU_nl4ZkYbb9ctqW87nNfeiA
UC14Y5ofKNsLpCgtTEVx6RqA,Faryto.Vtuber,2,37,2,Bonjour ma cha√Æne youtube s'appelle faryto je suis Vtuber.,2021-01-06,FR,https://yt3.ggpht.com/ytc/AKedOLTXUDEhjb1aqJ1E9aI0TTJfB-sG-D6DiVrKImqG=s88-c-k-c0x00ffffff-no-rj,UU14Y5ofKNsLpCgtTEVx6RqA
UC5cdtddYhauMML_PBLbtgzQ,JeffyBed,487,19566,154,"Canadian Alien Vtuber, Illustrator And Fashionista Since 2018; Big Fan Of Humans; #envtuber ; (EN/FR); Business Enquiries: business@jeffybed.com
",2018-07-13,CA,https://yt3.ggpht.com/NHInG5QZwCglBkOuDyn5zfaqqf50DmH32suE8Uho2r53BU1cw7msUlDfItnY67YeIzkUrF4F=s88-c-k-c0x00ffffff-no-rj,UU5cdtddYhauMML_PBLbtgzQ
UCDOdxHpBKFZaPyoS2pMs4kQ,Im,40,294,15,"Bonjour / Bonsoir,

- Elle/She/Her | Transgenre MtF
- Alicia | 21 ans
- Nordiste | Passionn√©e d'anime / manga / jeux vid√©os depuis toute petite
- Jeune Streameuse | VTUBER FR

Je ferais des lives pour le plaisir et pour vous faire partager mon exp√©rience et mes d√©couvertes.

Voil√† je pense que tout est dis ‚ô•
",2015-02-02,FR,https://yt3.ggpht.com/ytc/AKedOLRyJy2epLZp1lmro8c6KOCs_0s2eHlWCWigwa44Kw=s88-c-k-c0x00ffffff-no-rj,UUDOdxHpBKFZaPyoS2pMs4kQ
UC1chfl5op9NCNFF1-9QGIMw,Kaoru,247,37448,1030,"Bienvenue ! 

Je suis Kaoru Sayaka, un Kuudjin Vtuber FR provenant de l'univers de Maeiia.
Je ne suis pas un joueur professionnel, et ne joue que pour le fun et pour discuter. J'esp√®re que vous prendrez plaisir avec moi.

Cette cha√Æne se concentre essentiellement sur les rediffusions de stream dont vous pouvez me rejoindre ici : 
Twitch : https://www.twitch.tv/kaorusayaka
Discord : https://discord.gg/wqNBCmxQAz

Bien que ce ne soit pas obligatoire, vous pouvez aider √† la conception de Maeiia en vous abonnant sur Twitch ou en faisant une petite donation : https://streamlabs.com/kaorusayaka/tip

‚ö†Ô∏èFor English speakers‚ö†Ô∏è
I cannot discuss orally because I am not fluent in the language but I would be happy to converse with you in writing.

",2014-07-30,FR,https://yt3.ggpht.com/LGqT-J_mSQNCGv1vxeQb1hY_LaZzsXQVMrzAyEMj6egZ0qsvtSXv7c0Eo5DZptYzn94kZOmzUw=s88-c-k-c0x00ffffff-no-rj,UU1chfl5op9NCNFF1-9QGIMw
UCXR5nDdHFq_p427oOne68Zg,Okash√Ø,271,61077,11,"Mon nouveau moi , je cr√©e des personnages 3D et joue en vr ! ( pas vr chat mdr )",2018-10-30,None,https://yt3.ggpht.com/tJEyL3Z5zSGbyF4UGO19rEqvpqaeLjvp4efxHDnnLOYRaqGtBttH6Gggm07a1_Dm7GATMxzCqj4=s88-c-k-c0x00ffffff-no-rj,UUXR5nDdHFq_p427oOne68Zg
UC4_Og5KPjlHPKCeprUL-VEg,RED,24,360,5,"le genre de gars a faire des vid√©os randoms avec ses potes et d'la musique
",2021-06-07,None,https://yt3.ggpht.com/fJqKDMV9V2uNNVMsFwNPIpn2IOjDAragnr2WoU4v1e7L0X4gCN8CL3Ycthk28lXFco_ITcmW=s88-c-k-c0x00ffffff-no-rj,UU4_Og5KPjlHPKCeprUL-VEg
UCFALIsCcYkXyg-OIDIXnNEw,Sabiela,527,15566,6,"Salut bande de weebs ! ‚õ©Ô∏è

‚å¶ Qui suis-je ? Moi c'est Sabiela, fra√Æchement devenue VTuber et j'ai le surnom le plus styl√© de ce monde. J'adore les anime et la bouffe ! J'√©tudie le japonais, wesh c'est trop dur et askip je suis dr√¥le niveau clownesque aussi.

ÔøΩ Mais que fous-je sur cette cha√Æne ? Avant je postais des MAD (des genre de mini-AMV) sur ma cha√Æne secondaire, maintenant je fais principalement des tutos, reviews, jeux, etc.

‚ùÇ Quelle fr√©quence ? Mon PC est en sueur... üòí
(Il lui faut 5 heures pour rendre une vid√©o de 5 min...LOL)

VIVRE POUR MANGER OU MANGER POUR VIVRE ‚ùì

BON APP√âTIT ü¶Ä
",2021-04-28,FR,https://yt3.ggpht.com/T3VVMMDXCTG4iRmy2IG5_b6lBiqudGuXjOJZT6R6VUJicNBSNm0ef3mfccmC6e-wSVIBb8wT=s88-c-k-c0x00ffffff-no-rj,UUFALIsCcYkXyg-OIDIXnNEw
UCVnU1OoBUAwhjSs1vsxpiow,Kyrian,24,501,9,,2010-04-29,None,https://yt3.ggpht.com/ytc/AKedOLQZr-23Q0IDFc9zSnQiseRalK04cbLU7g4onlx0ORA=s88-c-k-c0x00ffffff-no-rj,UUVnU1OoBUAwhjSs1vsxpiow
UC3MgBD4nC6zReBOhJITCx0A,BoolbyX,3,38,21,Hey! Voici la cha√Æne sur laquelle je posterai les rediffusions des streams que j'aurai fait sur Twitch!,2021-06-28,FR,https://yt3.ggpht.com/SaXmiTp4IEKJkJx3pmPIayDoSah9GrrwDiKIIdU8gafQF3mU0KAw3JW4rbu-nBnzMsRIQqJs=s88-c-k-c0x00ffffff-no-rj,UU3MgBD4nC6zReBOhJITCx0A
UCXJ5n9fq9klF6HbIND7rZFQ,Sano,14,0,0,Vtuber FR,2015-05-14,None,https://yt3.ggpht.com/HYq9k3T6Yc8eCw8pbozTt9pUZcYRL9EWU7_HiNtrDPsO_2u56J5XhEJU0a-TIOBIiAmTq-hKRg=s88-c-k-c0x00ffffff-no-rj,UUXJ5n9fq9klF6HbIND7rZFQ
UCOVzW91iwimJFPGOdAmr-6g,Kenlxl57,67,1539,19,Abonn√© ou pas Krololic te souhaite une vie heureuse,2018-03-26,FR,https://yt3.ggpht.com/ytc/AKedOLRduFupZxwWjPqH4A6ExM6Z2YV3t253uBPe3M7HsQ7talOZ23xvhbe4pDsKr_80=s88-c-k-c0x00ffffff-no-rj,UUOVzW91iwimJFPGOdAmr-6g
UC6pJsuNWjoE-Z6pnl5WggGA,milleeeeeeer,18,49,5,"|‚Ä¢VTUBER FR affili√© twitch‚Ä¢|

|‚Ä¢üåô En stream le mardi, mercredi, vendredi,samedi et dimancheüòá‚Ä¢|

|‚Ä¢H√©site pas √† venir sur mon discord et mes autres r√©seaux pour faire partie de la communaut√© üíú‚Ä¢|

|‚Ä¢twitch: milleeeeeeer‚Ä¢|
https://linktr.ee/milleeeeeeer
 
",2021-08-31,None,https://yt3.ggpht.com/4VMupEDNTi-bC3t4dF05RKVzoPBu1JVDcl9h0mWq_T2cYkFcsifEhl_fvV2Jq44EgsdGuZJr=s88-c-k-c0x00ffffff-no-rj,UU6pJsuNWjoE-Z6pnl5WggGA
UCacVCc35iPal0OtvvLe-0Rw,Aizen,16,119,5,,2021-08-26,None,https://yt3.ggpht.com/LYWHDfdJVtxoF3nn5X53fYIcRMGsBI5rs6hLVzhfsagTisE2CP_eZbeok-_JezbtBnDA2fh4Kw=s88-c-k-c0x00ffffff-no-rj,UUacVCc35iPal0OtvvLe-0Rw
UCMZxDhjvfMKae0inaRROOtg,DaevasFashion,1240,86101,70,"Bienvenue sur la cha√Æne YouTube de la Vstreameuse / Vtuber Melibellule de Daeva's Fashion. 

Rendez-vous tous les 15 jours pour un nouveau Best Of Vtuber.
Du highlight, les meilleurs moments, comme les meilleurs fails !

Venez d√©couvrir tous les guides, les informations sur les MMORPG : 
http://www.daevasfashion.fr

#Vtuber #Melibellule #Live2D
",2013-04-01,FR,https://yt3.ggpht.com/VVRKTmrBTtB_wQYY9C1slzRaiNx_RTSEYhQfqWJkMOgfLXVVf2TlXLdGkOaB8RroFO59jfCTFA=s88-c-k-c0x00ffffff-no-rj,UUMZxDhjvfMKae0inaRROOtg
UCbmjYo53esp5YRM5nxRxMWw,MaganiM,61,0,0,"Vtuber-Vstreamer , Bient√¥t je me ferais chier a faire des Best-of de mes Stream ici, ainsi que mes clips
https://www.twitch.tv/maganimtv",2014-08-24,FR,https://yt3.ggpht.com/jqx8Y6KvcVhlhT-zLelP48ARgDO8HQRoM9TC06YwnFxDEKtuW4FUZKuhtgJSoSIAEcgiTOazxA=s88-c-k-c0x00ffffff-no-rj,UUbmjYo53esp5YRM5nxRxMWw
UC8C3h3rgsi4HqC0ZiEhxXNA,Yukio,30,682,3,„ÄêVTuber„Äë- ENG/FR - learning JP - Rumors say I used to be a pro fps player. #VtuberFR,2020-09-08,FR,https://yt3.ggpht.com/ytc/AKedOLQ_ms3b-prSQqsnkW4pFNej3KBJ-bHtoKtd1RT6=s88-c-k-c0x00ffffff-no-rj,UU8C3h3rgsi4HqC0ZiEhxXNA
UCfA_ZC_epnPhOc5k8wEvFsA,Black,5720,1173054,1123,"„Éñ„É©„ÉÉ„ÇØ„Éá„Éì„É´
Je suis un CON qui test des jeux
Je partage mon style de Vtuber Fran√ßais avec mon avatar Vtuber FR
et je vous propose des let's play FR ou des letsplay FR sur les jeux que j'aime ou que vous pouvez me proposer √† d√©couvrir.

Retrouvez moi en Live tous les lundi, mercredi et vendredi de 21h √† 1h sur Twitch http://www.twitch.tv/blackd6vil
et sur THEVAULT42 le mardi et jeudi de 10h √† 13h !
https://www.twitch.tv/thevault42/

Et pour ne rien manquer sur mes activit√© retrouvez moi sur
Facebook : https://www.facebook.com/blackd6vil
Twitter : https://twitter.com/BlackD6vil
Instagram : https://www.instagram.com/blackd6vil/

Pour Devenir Membre et soutenir la cha√Æne https://www.youtube.com/channel/UCfA_ZC_epnPhOc5k8wEvFsA/join

N'h√©sitez pas √† vous abonner, liker et activer la cloche si mes vid√©os vous plaise et pour ne pas rater les prochaines vid√©os !

Un √©norme merci pour votre soutien et de continuer √† regarder mes vid√©os ;)

Les bises
jS

#letsplayfr #vtuberfr #vtuber3d
",2014-10-11,FR,https://yt3.ggpht.com/ytc/AKedOLR8OFeAydLWzGYFQtBm4k3m586yr0-LB7-AmNdmLw=s88-c-k-c0x00ffffff-no-rj,UUfA_ZC_epnPhOc5k8wEvFsA
UC34TG-xeIwSysMIxSIV0y_A,Talos,2,27,15,"Aspiring VTuber EN/FR
Fresh out of the catacombs",2021-02-23,None,https://yt3.ggpht.com/ytc/AKedOLSkjF-SCbwYBMtxSMjXvuJjhbLHrv_XCq1RHLcd=s88-c-k-c0x00ffffff-no-rj,UU34TG-xeIwSysMIxSIV0y_A
UCN40LOyTDOeA51Y0Z_7G8Zw,Sefiko,25,222,15,"Salut a tous je suis en Live sur Twitch tr√®s souvent le Week-End !

Ici ce sera casi que des Rediff Live donc n'h√©site pas a venir te Follow sur Twitch

https://www.twitch.tv/sefikogaming

Et n'oublie pas de t'abonner, commenter, partager pour me soutenir
",2021-11-07,FR,https://yt3.ggpht.com/zz9jC-yWXcp6oVJbFP9pHMDkfjW5X-H591Gm6oxY0i666bFa8Zz3oHAdPUMuDraz3XhFMZGiPA=s88-c-k-c0x00ffffff-no-rj,UUN40LOyTDOeA51Y0Z_7G8Zw
UCCc3RB_64Yb_JY2BAhCHO4w,-VTuber,11,0,0,"‚òÖÂΩ°ÂΩ° ùìüùìª√©ùìºùìÆùì∑ùìΩùì™ùìΩùì≤ùì∏ùì∑  „Éü„Éü‚òÖ
Hey üëã!

Bienvenue sur la chaine ü§©!

C'est une chaine de jeux vid√©o de tout type üéÆ MAIS PAS QUE üòÆ!

Je fait aussi du ""V.Tubing"" üòØ!

Tu ne sais pas ce que c'est üòë?  bah c'est en gros un personnage en 3D (possible en 2D mais faut des comp√©tence en dessin‚Ä¶ üòÖ) qui s'incruste sur la vid√©o est qui est contr√¥ler gr√¢ce √† ma webcam üé• et aussi pour bouger les bras j'utilise un Leap Motion √† 90balle (je suis un gros pigeons üê¶XD)

Bon tu sais tout de la cha√Æne ü§ó je suis encore en pr√©paration pour la cha√Æne donc abonne-toi quand je sortirait une vid√©o üòé! Il me faut juste de la motivation XD !

‚úé‚úê‚úé‚úê‚úéùìêùìπùìπùìµùì≤ùì¨ùì™ùìΩùì≤ùì∏ùì∑‚úê‚úé‚úê‚úé‚úê
-Montage üé¨: Wondershare Filmora X
https://filmora.wondershare.fr

Stream(PC) üé•: OBS Studio
https://obsproject.com/fr/download

Stream(Wii u) üéÆ: Game Capture HD
https://www.elgato.com/fr/game-capture-software

‚ï∞‚òÜ‚òÜ ùì•.ùì£ùìæùì´ùì≤ùì∑ùì∞ ‚òÜ‚òÜ‚ïÆ
VRoid:
https://vroid.com/en/studio

VSeeFace:
https://www.vseeface.icu

VMagicMirror:
https://malaybaku.github.io/VMagicMirror/en/index
",2020-03-30,FR,https://yt3.ggpht.com/lx5ZSgMGMbCBM1nSIrQrGQRAdyT0eGVNa1puyFUSU229Ha0DVt_NqRNMm3AVKVDWwVjOlyma1g=s88-c-k-c0x00ffffff-no-rj,UUCc3RB_64Yb_JY2BAhCHO4w
UCW_uidN8QhHRPpSj4CuwPtw,Yuroo,631,26588,30,,2020-12-26,None,https://yt3.ggpht.com/ytc/AKedOLT30WrvrITNkMU6ixPGIBpv_LCsciN_Wt2jnF8P=s88-c-k-c0x00ffffff-no-rj,UUW_uidN8QhHRPpSj4CuwPtw
UCXbfaJYk2tY6S1qFyrBxdmA,Sakura,1800,223171,338,"Ma cha√Æne tourne sur le jeux vid√©o, la R√©alit√© Virtuelle, le MMD, le ecchi et VRChat, de l'humour et des d√©lires au rendez-vous avec la VTuber FR principale Sakura Kinomoto et quelque autre personnage.
--------------------
Le site web de Sakura Game avec un forum pour discuter

Lien: http://www.sakura-game.fr
--------------------
Streaming: Suivez les lives de Sakura Game sur Twitch

Lien: https://www.twitch.tv/sakuragamefr",2011-09-29,FR,https://yt3.ggpht.com/ytc/AKedOLSDlCbMifo82Zm01yAPhndizqzM14nmBFuW3XJxIQ=s88-c-k-c0x00ffffff-no-rj,UUXbfaJYk2tY6S1qFyrBxdmA
UC-P57DQ-B_y0x4PpET9n58A,Echo,164,4791,18,"Bonjour! Je m'appelle Echo et je suis une voyageuse temporelle. 

Vous trouverez sur ma cha√Æne du contenu li√© √† la cr√©ation de personnages sur VRoid Studio. 

Pour le divertissement, vous pouvez jeter un oeil √† mon Twitter et ma cha√Æne Twitch :)
",2021-05-19,FR,https://yt3.ggpht.com/IFfmkm1FGuMS-w_DmCJ_-czixnxXg5D4opwX9dFUn4ozDhH5DNrftAd_iS-WDVejVY9klBU=s88-c-k-c0x00ffffff-no-rj,UU-P57DQ-B_y0x4PpET9n58A
UCBTIU-udqhEq5IGVp2b2zlA,NOVEL,1800,70819,99,"NOVEL est un groupe de VTubers fond√© par Selph1ne qui Stream et produisent des vid√©os sur Youtube. 
Chacun a sa Cha√Æne Twitch, mais les rediffusions mont√©es sont sur la m√™me chaine Youtube NOVEL ! Yaay !

Le contenu ? On joue √† pleins de jeux vari√©s, de style diff√©rents selon le Streamers et parfois on se retrouve pour jouer en Coop
‚Äã
Ici, on peut trouvez des Artworks, des fan arts, du MMD, de la rediffusion de Stream et tout plein d'autre chose !
",2020-08-24,FR,https://yt3.ggpht.com/ytc/AKedOLQsrk8fgBT1p0L7W96voZAXpbMwOBgxuIC_OoCI=s88-c-k-c0x00ffffff-no-rj,UUBTIU-udqhEq5IGVp2b2zlA
UCMRu9SX9-jDxjqV66Hv6Qtg,Vtuber,411,31367,34,Juste un Renard Orange qui tra√Æne sur internet,2021-02-06,None,https://yt3.ggpht.com/KzGKi5uJdSGuxVt4u4M_08Bu0LTXHqHuGBxCS6UDeiQnxdGkO39AN3g88vFKc5t3oeBsqxmgqw=s88-c-k-c0x00ffffff-no-rj,UUMRu9SX9-jDxjqV66Hv6Qtg
UCVnPrJfa2hRYq4_LAP38x9A,Frestfeld,75,37955,193,"Cha√Æne  de gaming et tutoriel, Prenez plaisir avec mois sur des jeux tels que Minecraft, Warcraft, Wow, Civilization et d'autres!",2013-03-22,FR,https://yt3.ggpht.com/ytc/AKedOLT-7Fsu0540UZlUlJyfSfDIcgtpx9qY8uSo0qxodQ=s88-c-k-c0x00ffffff-no-rj,UUVnPrJfa2hRYq4_LAP38x9A
UCEOPxv_lrfjJAK6zhmB_TLQ,Mami,1,7,3,,2021-03-23,None,https://yt3.ggpht.com/q-hBwOww1rJ5zpt0Ea6oIoVEBim46NTU8wdwPWruYxbd8r_vn4xS9Uq-DW61DqKc03UaIl4CVg=s88-c-k-c0x00ffffff-no-rj,UUEOPxv_lrfjJAK6zhmB_TLQ
UC_Hf3gmbaweF4PJLYiPSZOQ,Aminy,6,75,3,"Oyamine cookivore !
Je m'appelle Aminy Tsukimine et vous vous trouvez sur la cha√Æne d'une petite hermine √† la recherche de ses cookies. Je suis Vtuber et ma maman s'appelle Soragi : https://www.instagram.com/_soragi_/
La cha√Æne sera principalement l'endroit ou je posterai des rediffusion de lives, mais il y aura aussi quelques surprise ;3
",2020-10-18,FR,https://yt3.ggpht.com/ytc/AKedOLTSxkjthYVt1w5IwAiYQFO_3HSroZKYOp3N24TD=s88-c-k-c0x00ffffff-no-rj,UU_Hf3gmbaweF4PJLYiPSZOQ
UCJK1WQlE2aTUGpBfMRB8tfg,Chowco,64,396,24,"Vous trouverez sur mon Twitch principalement des streams de jeux-vid√©os et de discussions ! Enjoy ‚òÅÔ∏è
N‚Äôh√©sites pas √† me follow pour devenir un de mes sheepies üêë
",2015-04-12,None,https://yt3.ggpht.com/g4YpdZF0Vqfowndydrbll59O2mu8hQkWoAkSqiJEjiEbkwe5GCDZtCHmp5-QTtyGn6Ko0XYZNG0=s88-c-k-c0x00ffffff-no-rj,UUJK1WQlE2aTUGpBfMRB8tfg
UCV9XibSvznmNULCFajlo85Q,Asryal,6,118,29,"Ici je posterai mes VODs, clips et temps forts Twitch depuis twitch.tv/asryaaal !",2021-12-14,None,https://yt3.ggpht.com/s6UEJHC2PhYpjy1r-68-ib_Zqb3v1X9q0HKjQccoRKOWgCHhBa-eDdbMTmlfXyZACZnuxERS=s88-c-k-c0x00ffffff-no-rj,UUV9XibSvznmNULCFajlo85Q
UC_fdtH5P8WdXOfxPVzQ3Xcg,bxakid,29900,4412339,1317,"Bonjour tout le monde, c'est bx !
Je suis actuellement Journaliste ind√©pendant pour une grande entreprise que tu connais peut-√™tre !
Je partage aussi ma passion en stream & vid√©os !

""bx le chunk loader mago farmer architecte fou !"" Gaarnik 2013

Partenaire Crunchyroll_fr

Hope you like it !


",2010-10-30,FR,https://yt3.ggpht.com/ytc/AKedOLQhy1vsKGhyNFR-pvOiMdfWfm_vabQ9X-VgAYCz_Q=s88-c-k-c0x00ffffff-no-rj,UU_fdtH5P8WdXOfxPVzQ3Xcg
UCeQcGjbOsFaZbfRbYAUVWJg,Pulsation,134,123,2,"Ceci est ma cha√Æne Youtube personnelle ou je poste ce qui me fait plaisir et les contenue ne pouvant pas √™tre mis sur Novel.
",2020-10-14,FR,https://yt3.ggpht.com/mGJsiIZyLzWh6eJ96G8F42KYZue59UZeDU09iecBac3co6Hw6g6y27oFzXhJJgBXDyNIvp-f=s88-c-k-c0x00ffffff-no-rj,UUeQcGjbOsFaZbfRbYAUVWJg
UCM6bsiuC2_RO96LUAHbK90g,Kayato,183,1859,31,,2020-05-14,None,https://yt3.ggpht.com/xhBEEq6-d85_tJ-Yx6gTNKA38Hlt93Jum-7l5R7kNYhBCIynCQWWytXvgtu6O7nenfdn-MZFWBo=s88-c-k-c0x00ffffff-no-rj,UUM6bsiuC2_RO96LUAHbK90g
UCvgXeVqLWXO4LoQCI9XkGiA,Danielr_jj,450,7997,285,"YO GUYS nama ku Danielr_jj dan aku virtual youtuber Indonesia, aku dari planet pluto dan sebagai makhluk pluto untuk membantu bumi, mampir terus ya di channel ku yg keren ini

=_=_=_=_=_=_=_=_=_=_=_=_=_=_=
My Content
- live game series, android, konsol/emulator 
- live KGTime/kuy gelud time (duel game) 
- greenscreen gabut
- speedrun game
- draw animation 2d
- original music
- locked (making game)
- locked (free talk)
- locked (QNA)
- locked (draw live)

=_=_=_=_=_=_=_=_=_=_=_=_=_=_=
My Sosmed
Join my discord 
:https://discord.gg/c5wAyXQNWN

INSTAGRAM: https://www.instagram.com/invites/contact/?i=fg3wlcxba7cn&utm_content=35owhtl

FACEBOOK:
https://www.facebook.com/daniel.riz.39

=_=_=_=_=_=_=_=_=_=_=_=_=_=_=
DUKUNG AKU JUGA DI TRAKTEER 

Trakteer CAPTAIN es campur pedes ya: https://trakteer.id/danielr-jj-ch-xq0gc/tip


#makantahuenak #KGTime #uwawawch #Danielr_jj #virtualyoutuber ",2018-01-08,ID,https://yt3.ggpht.com/TFSn12H-YI1VfZQA_nSCNuocAdkLSZFvK4HjlbBNyT20G8pMpu-sHT20igk0p3tfQycTbKfC=s88-c-k-c0x00ffffff-no-rj,UUvgXeVqLWXO4LoQCI9XkGiA
UCuLmEwuWQfGAqx8HK6wSDuw,[,8,167,14,,2021-04-03,None,https://yt3.ggpht.com/AVFwGeU47mmru6FMIXo-rI5JtI5_2woGg4H24eBODPajNZECZD57evxAfO7LAMCyFdINNcXtX-I=s88-c-k-c0x00ffffff-no-rj,UUuLmEwuWQfGAqx8HK6wSDuw
UCxPe-UZXlHK5a6qGBT_fxyA,Yggdrasil,50,4484,121," V-Tuber amateur et fran√ßais qui ce joint a la communaut√© des Vtubers ! 

Au programme :

-Des Let's Play divers et vari√©s

Une vid√©o par jour sauf le dimanche et exception

Bon visionnage
",2007-07-08,FR,https://yt3.ggpht.com/5fyREnVtc8xacqkWN6mCN_P9rUGLfh-ErPBCC1oMK74edr4fIIi848SAm8wh8-ahql8z9LiteA=s88-c-k-c0x00ffffff-no-rj,UUxPe-UZXlHK5a6qGBT_fxyA
UCn7PpB-u6f9kNNwhRahxtMw,Chiroh,50,514,14,Just a pretty pharaoh who became a vtuber,2020-12-12,FR,https://yt3.ggpht.com/DWbuxpSkhOyrmyqQvzGorkeDP_cld-mSUf_6SmtpjWOlCepNhIYQP-zoEe2CjgZrHfAqmgCjYA=s88-c-k-c0x00ffffff-no-rj,UUn7PpB-u6f9kNNwhRahxtMw
UCmgx2mqp1jmFQJf-xsomX2w,KIMSUN,6,44,2,BONJOUR ! je m'appelle kimsun ! Je suis un vtuber qui debute c: n'h√©sitez pas a venir discuter avec moi sur mon twitter et a vous abonner ici pour suivre mes aventures ! ,2021-10-06,None,https://yt3.ggpht.com/nc4Ip7I4VAgGEDhY-r4zy3fVhDuoaN9m23zyzRo4k35nM34HRtT4KG9XaTqvHn_9hbs66FV5=s88-c-k-c0x00ffffff-no-rj,UUmgx2mqp1jmFQJf-xsomX2w
UCnxObLMb2FOfE7cQiLmUi1Q,PRINSUMIRE,10,162,24,"S-Sumi desu !‚òÜ 
Petit d√©mon √©trange venu du fin fond d'un autre univers. 
√Çge inconnu demandable et amateur d'idioties humano√Ødes ! 
Gamer, artiste, m√©lange de jeux, chill et dessins ! 
Mais √©galement lectures d'histoires qui font peur, bouh ! Bienvenue dans mon univers !!‚òÜ",2021-03-23,None,https://yt3.ggpht.com/IHQur-8ZDOU6f3c0LReol-0vIexR-42yAOf--KXylwpsAH5QdYh7VTc5cJM7-7_aggRZuVn6154=s88-c-k-c0x00ffffff-no-rj,UUnxObLMb2FOfE7cQiLmUi1Q
UCjk59IzdzktGQCqlELp-qwA,Kokoa,28,425,78,Rediffusions de ma cha√Æne Twitch et autres,2020-10-17,FR,https://yt3.ggpht.com/1SlBbuOcmxIQeulSOAFvJupmi2OYaE-IUKeHRUKpSsSrGozcfrXkmOw6l6arGaIj6Xqw2zXLkA=s88-c-k-c0x00ffffff-no-rj,UUjk59IzdzktGQCqlELp-qwA
UCooeX2CNOSMapJSPDbimq2A,Zaag_tv,34,1048,91,"Je suis Vtuber/Vstreamer. Je poste les rediffusions de mes lives et poste quelques vid√©os.
",2016-04-05,FR,https://yt3.ggpht.com/GRXmYE-_4MclQ8mp0_czCr7qQ383R1bSHPmQ60pS0pb3GqI8T-AE8yJfRxLeRmuZCpGZUykFOfs=s88-c-k-c0x00ffffff-no-rj,UUooeX2CNOSMapJSPDbimq2A
UCjwtoE_ml1l_goCThPiDhaQ,Tetza,20,0,0,"Nouvelle Vtuber FR, je me pr√©nomme Tetza, elfe des √©toiles.
J'esp√®re vivre des aventures palpitantes au sein de cette plateforme si ch√®re √† mon c≈ìur qu'est Youtube.
Gaming, classique mais je suis l√† avant tout pour passer du temps √† faire ce que j'aime.
Bonne journ√©e ensoleill√©e √† vous tous petites √©toiles ^^ 
",2014-11-28,FR,https://yt3.ggpht.com/jcOE_JPE-VU-JEwTB7aeUrLTsT3CWo2KOlcIOZlE20bcVCBiATEjRbNn6rsIdSOtRSEj_JzHnmc=s88-c-k-c0x00ffffff-no-rj,UUjwtoE_ml1l_goCThPiDhaQ
UCkjk6RmlOLefxsIo9wl5HmA,Oneami,2,28,1,,2021-11-15,None,https://yt3.ggpht.com/AjnpM95KH8rpEMYUAP5gaygT_ErQN1T-7R_t-3tUs99YzuxpTw8M-IKfkT4LfXCguIBxrc95SPU=s88-c-k-c0x00ffffff-no-rj,UUkjk6RmlOLefxsIo9wl5HmA
UCood5v4y5hvAALy0jlQKXgg,AltamicseuH,15,47,25,,2021-08-20,None,https://yt3.ggpht.com/qko5_MM4p2X3HPbBD9DhHlGZE9gqSFCXkGQ2adrWowTGxBIJ-xHR9Pzj_EkUaV1KSBwMDCc0=s88-c-k-c0x00ffffff-no-rj,UUood5v4y5hvAALy0jlQKXgg
UCsqbFlEj8-FWx9i7OMZj80w,Cain,28,3236,60,,2014-04-12,None,https://yt3.ggpht.com/jB0WQxRd3x1J9O3RG31GxblJpCyDIiniM0FD1xztICO9hNAro-PMsT057emikVN-sgNFAjs0=s88-c-k-c0x00ffffff-no-rj,UUsqbFlEj8-FWx9i7OMZj80w
UCq5VeR_ztwqa8_dw5EWUAvA,Myuz,6,61,2,"VTuber FR qui joue a des jeux !


",2021-03-29,None,https://yt3.ggpht.com/AxXJvUgaRupVNaJBhXWGjYnAiJ9QqILtb1T7D_X5Y5eunvAK_3i_BAL9dXlb3bl07HC28CMkWw=s88-c-k-c0x00ffffff-no-rj,UUq5VeR_ztwqa8_dw5EWUAvA
UCvbY7FSvvVYwNS7GF7as0qw,Sunji,67,6500,18,"Bienvenu sur cette cha√Æne !!! Je m'appelle Sunji Tran, je suis Vtuber Fr (Youtubeuse virtuelle) et passionn√©e de cultures asiatiques. Vous trouverez ici conseils et astuces concernant l'Asie ou pas, des surprises pour les fans de Dramas, K-pop et des Threads, histoires vraies, disparitions.
Je diviserai tout √ßa en plusieurs cat√©gories.
J'esp√®re que vous vous amuserez ici. N'h√©sitez pas √† vous abonner et recommander cette cha√Æne. Et surtout laissez moi des commentaires si vous souhaitez que je traite d'un sujet en particulier.
",2021-04-13,FR,https://yt3.ggpht.com/ytc/AKedOLQMnL5j9WNImI8UxRMMehF1ZKvvc4Z2J-5UwLVI=s88-c-k-c0x00ffffff-no-rj,UUvbY7FSvvVYwNS7GF7as0qw
UCjlJE8kOzhCN1Ks2kna37FA,CristoVOD,9,52,3,,2021-02-11,None,https://yt3.ggpht.com/7buxXOCKEb1abf3EqYSUcoRVToucxS75bdjGqiBtDAeJEBxc1u_mdcebqGQLItDT2AucGTuA=s88-c-k-c0x00ffffff-no-rj,UUjlJE8kOzhCN1Ks2kna37FA
UCyAEjbLOLtAa0KXrxUZWZRw,D√ºelinde,18,303,7,,2021-06-13,None,https://yt3.ggpht.com/lNdmnoAbGD2w7ZsiXfoKxxUJqqSJoFcvMgRlYykYg8IlJapZgAbXIIxtSJML7SS-PaWy_VawLQ=s88-c-k-c0x00ffffff-no-rj,UUyAEjbLOLtAa0KXrxUZWZRw
UCsa6eWeWxX2Odrogin5cn3Q,Zeraphilyss,3,29,3,"Mon nom ? Dantalion Zeraphilyss. Je voyage √† travers les Mondes √† bord de mon bateau, l'Altus. R√©cemment, je me suis int√©ress√© √† votre monde. J'esp√®re donc passer un bon moment avec vous, en d√©couvrant et en nous amusant sur divers jeux ou autres, qui sait.

Ici, vous retrouverez surtout best of et sc√®nes coup√©es des stream.
",2020-12-30,None,https://yt3.ggpht.com/ytc/AKedOLRVPU3iemAaVlQzLrG4YZqcF0VIW17XCqiO_o2H=s88-c-k-c0x00ffffff-no-rj,UUsa6eWeWxX2Odrogin5cn3Q
UCycRV7yLhLk_hL233MnvMpw,Smolly,39,1992,14,"üåÜCity Night !üåÜ #ENVtuber #Vtuber

Hi hi, i am a French Vtuber and i love gaming and fumo!
Making Minecraft map
I usually stream on Twitch before but i have less time so i record and post videos i have in stock

FR/EN Vtuber but semi-active

livetag #smollyfumo
",2018-09-23,FR,https://yt3.ggpht.com/peQsFaGdjmRZcojMuNzML_C95ktMwoKnIHLPWCRc-2fUr5RXGhML64X84kT3Ah7YC_-9nSJJLQI=s88-c-k-c0x00ffffff-no-rj,UUycRV7yLhLk_hL233MnvMpw
UCmpdyYSBSdd4SsjnKy6vwpg,Fawks,17,25,3,"Hey! Bienvenu sur ma chaine.
Ici tu pourras retrouver des vid√©os et des redifs de live... 
Enfin, plein de jeu mais surtout une bande d'abrutis qui s'amuse de leurs propres conneries alors h√©site pas √† te poser pour te marrer avec nous!",2015-07-04,BE,https://yt3.ggpht.com/Zqh3Ft3n5wBURRh26M_Fc2peNA-Mm7f8emmzKHTvna5NL4fbLC0Pu3zASKE6EkDzYUjYvbvmtQ=s88-c-k-c0x00ffffff-no-rj,UUmpdyYSBSdd4SsjnKy6vwpg
UCjNVPF2H4h4MLJoVuVciMwA,Kawa,473,3775,8,"Kawa Fyllo, jeune Elfe au sang m√™l√©, se m√™le √† la vie des humains et de leur tradition, dont le streaming",2016-05-27,None,https://yt3.ggpht.com/ytc/AKedOLTiB9MtWrPPbwSYqnLXsipURTujyMFM9V5Gqk71FA=s88-c-k-c0x00ffffff-no-rj,UUjNVPF2H4h4MLJoVuVciMwA
UCsGa6_9aSkc6u8LsU3SK6BA,Tatouga,40,681,26,"Hayo tout le monde !
Je suis Tatouga, une Vtuber FR/ENG, une joueuse d'OW, qui main principalement D.VA et Reinhardt sur PC. Je sais jouer diff√©rents tanks et off-tanks. Enfin, je stream en heure europ√©enne, n'h√©site pas √† venir !

Je suis nouvelle, alors s'il vous pla√Æt soyez indulgents avec moi !

Bye bye ! 
x Tatouga offline x
",2018-05-22,FR,https://yt3.ggpht.com/Nsik6bjjZmNYQdInmaYAVK-xGYYNlijMHXmLrthE-4NUKuqYKcdTktym3YAx65PE88Yjqi1Q=s88-c-k-c0x00ffffff-no-rj,UUsGa6_9aSkc6u8LsU3SK6BA
UCvTPMLVGIok9fylO6-HOvyA,Bloody,256,1184,18,Un Vtuber fran√ßais,2015-03-25,FR,https://yt3.ggpht.com/OUj_ij2pFJ52vgfIJRMI_VlXNCcWjLMKz_UwomkmVCn-9MmSz-Xq-0vovvoJ4HeMKfOkPttdhw=s88-c-k-c0x00ffffff-no-rj,UUvTPMLVGIok9fylO6-HOvyA
UCozLjSfkLMTLu9R38biUiaQ,Medato,13,3,1,Cha√Æne pour poster les clips dr√¥les du Youtubeur Medato.,2014-09-18,FR,https://yt3.ggpht.com/hMFoALrxyV0-o2SZy1IQGbDueM81lMyPR4ppq4JT4lA2nKyIjBp2bMhHaSpv6gzNMrjVT2PX=s88-c-k-c0x00ffffff-no-rj,UUozLjSfkLMTLu9R38biUiaQ
UCnpwdsn-bCwbrh4nlz2PODg,Sedeto,87,1178,23,"Hi! I'm Sedeto, french illustrator and graphic designer!

I'm an active Vtuber since february 2021 in french, english and japonese with drawing, singing and gaming activities! You can check more on https://www.twitch.tv/Sedeto

On daytime I work for as manga cover designer. I also work as freelance designer and illustrator.
I love to create books and goods by myself on my free time, and share this passion during illustration and manga events!

You can support my activities on my patreon: https://www.patreon.com/Sedeto
Or just follow my youtube account will make me happy ‚ú®

Vtubie introduction page: https://vtubie.com/sedeto/
",2020-11-03,FR,https://yt3.ggpht.com/ytc/AKedOLSxDZkliRAaYsYtdln2kxUQXmiPP_i374S0M50M=s88-c-k-c0x00ffffff-no-rj,UUnpwdsn-bCwbrh4nlz2PODg
UCvt1ICx5jsNGE8zyEGcPhNQ,SyxSeeGoth,58,2722,96,"Cha√Æne des diverses VOD des streams de SyxSeeGoth, et des contenus exclusifs tel que des adaptations en fran√ßais de chansons √©trang√®res li√©es aux jeux vid√©os ou aux animes.",2020-12-08,FR,https://yt3.ggpht.com/K73EkOCDujlsPCF0X7z8KhqQoYuvXPsDjMbwwt938_JeIE_n9pOtcA_DuI4OxhqtOf0NRTig=s88-c-k-c0x00ffffff-no-rj,UUvt1ICx5jsNGE8zyEGcPhNQ
UCqJJmjLvi4D-uVh86W9Raww,MARi‚òÜ,461,13699,41,"vtuber et artiste fran√ßaise ‚òÜÂΩ°

 
",2020-12-18,FR,https://yt3.ggpht.com/1x98ovELR822VOcv8B4qQ2Vtz0P-eTjLg-dJFx89prXkXqtrXcAxn35X8WjlotNvyLqLsHMcPWg=s88-c-k-c0x00ffffff-no-rj,UUqJJmjLvi4D-uVh86W9Raww
UCjgCZsHVT4s00W6zXm7iTMA,Elios,496,151407,50,"[FR] Je suis un vtuber fran√ßais, qui a pour grande ambition de m'amuser avec vous, h√©sitez pas √† me rejoindre en stream !
[EN] Im a french vtuber, with the ambition of having with you, don't hesitate to watch my streams !

https://www.twitch.tv/eliosvtuber

",2013-11-24,FR,https://yt3.ggpht.com/ytc/AKedOLShZXQ4p0AlAtoIhPMU08YSFNxxeg7pD4f1LyqeNA=s88-c-k-c0x00ffffff-no-rj,UUjgCZsHVT4s00W6zXm7iTMA
UCrKk1J2HJE5laRwsPb9nPAQ,Nalaza,18,0,0,,2021-04-09,FR,https://yt3.ggpht.com/ytc/AKedOLTYI9qbGR4JnrFGprkkVnPirp11xk5rM32oSExH=s88-c-k-c0x00ffffff-no-rj,UUrKk1J2HJE5laRwsPb9nPAQ
UCpL2hzfT2n-vRQiDu439oBw,Grey,18,35,8,"I'm a French and Polish guy who talk French and English.

This channel is used for re-upload of my twitch stream 
my main channel is : https://www.youtube.com/channel/UC2qaWnoRbqdQJW3_BAyVSLA

Description
I am Grey Wander, a Steampunk femboy bartender Vtuber.
I'm a French and Polish, I talk French and English.

I say that VRChat is my main game but I don't play as much as I want. 
So my main games are VRChat, Hoi4 and Elite: Dangerous

My social links:
Twitch: https://www.twitch.tv/grey_wander/
Twitter: https://twitter.com/wander_grey
Discord: https://discord.gg/kHTMCmueBA
Tiktok: https://www.tiktok.com/@grey_wander
VTubie: https://vtubie.com/grey-wander/

You can tip me money at this link https://streamelements.com/greywander-archives/tip

I make mainly stream on Twitch in English and I repost every stream on this channel.
And when I can't make a stream I post a video on YouTube.


",2018-06-30,FR,https://yt3.ggpht.com/Ee-ah5zjO__hyhMmFBPk25VjIr2iz_gIh2J_qddLtt3NVpf0MQVrm4MZ_SY-GguffVqqHQg_sLY=s88-c-k-c0x00ffffff-no-rj,UUpL2hzfT2n-vRQiDu439oBw
UCiFQKXEqmNCFbizuDR4BMvw,Xenelia,56,2449,3,,2016-12-25,None,https://yt3.ggpht.com/jo9HkUt2VxL1CwDhDvf-T0bZNA2bZzHGynQHi7XsDizv6yH_vS6HhbUCg0hftB0AmbCF4FqE=s88-c-k-c0x00ffffff-no-rj,UUiFQKXEqmNCFbizuDR4BMvw
UCo5b-dZkI4RUp0v_wPh_pqw,sumihina,30,0,0,"sumihina, artist and UEProjectRPG creator.
he/they

‚Ä¢ pfp by : me
‚Ä¢ banner by : OMOCAT

I'll do something better next time.",2019-04-03,TH,https://yt3.ggpht.com/UYLGtGqEX4G1PnFXjet_MJlkLgLPAuOusOq0tUXzaiVgeFMen_B7hsXrIvtwJBLhEvvVofX7HQ=s88-c-k-c0x00ffffff-no-rj,UUo5b-dZkI4RUp0v_wPh_pqw
UCp80UdXA9E-N49ipddJvqJA,Calmus,84,1203,86,"Hey there ! I'm Calmus, half goat English/French VTuber ! I stream mostly in English but French people are welcome in chat, I'll answer you in French :) I stream chill games, hard ones and many other stuff !!
This channel is where I'll post VODs from my Twitch ! I started streaming here but decided to move on twitch after almost 50 streams, so go follow me there !! 
https://www.twitch.tv/calmusvtuber
For schedules, informations and dumb tweets, go follow my Twitter ! B)
https://twitter.com/CalmusVtuber
And if you want to support the channel, here is my donation link (Thank you !!)
https://streamlabs.com/calmus1
",2021-06-24,US,https://yt3.ggpht.com/lh1GhMYrB5lbS6x5ZQvPIbhkxnUjUm08SOD41nQtngWBKHK1cGk3fzxYtYCnQLJlB29I9uGexVc=s88-c-k-c0x00ffffff-no-rj,UUp80UdXA9E-N49ipddJvqJA
UCpdftC7OejarxWY60Lj50EA,Anges,4,57,42,"Ici je post les rediffusions de ma chaine Twitch !
",2021-11-27,BE,https://yt3.ggpht.com/jPdSLvvk3fFN3TpatRRfRLAe_7hO1vt_338yTr-HcDRTIy3qhbznMOqdUrnyRStq4IUbUDkhFQ=s88-c-k-c0x00ffffff-no-rj,UUpdftC7OejarxWY60Lj50EA
